Workbook

Sheet Final Work
A1: GREEN MARINE CO., LTD.
B2: FINAL WORKING REPORT (VOUCHER)
A4: M/V : | B4: STARSHIP DRACO | F4: VOY # : | J4: DATE :
A6: PIER : | F6: BERTH : | J6: PORT : | L6: PYEONGTAEK, KOREA
A8: OPERATOR | B8: PORT | C8: FULL (F) | D8: =+"DISCH ("&D82+E82+F82+G82+D83+E83+F83+G83&")" -> DISCH (146) | H8: =+"LOAD ("&H82+I82+J82+K82+H83+I83+J83+K83&")" -> LOAD (85) | L8: =+"SHIFT ("&L82+M82+N82+O82+L83+M83+N83+O83&")" -> SHIFT (0)
C9: EMPTY(E) | D9: 20' | E9: 40' | F9: HC | G9: 45' | H9: 20' | I9: 40' | J9: HC | K9: 45' | L9: 20' | M9: 40' | N9: HC | O9: 45'
C10: F
C11: E
C12: F
C13: E
C14: F
C15: E
C16: F
C17: E
C18: F
C19: E
C20: F
C21: E
... C45: E
A82: Total | D82: =SUM(D10,D12,D14,D16,D18,D20,D22,D24,D26,D28,D30,D32,D34,D36,D38,D40,D42,D44,D46,D48,D50,D52,D54,D56,D58,D60,D62,D64,D66,D68,D70,D72,D74,D76,D78,D80) -> 21 | E82: =SUM(E10,E12,E14,E16,E18,E20,E22,E24,E26,E28,E30,E32,E34,E36,E38,E40,E42,E44,E46,E48,E50,E52,E54,E56,E58,E60,E62,E64,E66,E68,E70,E72,E74,E76,E78,E80) -> 0 | F82: =SUM(F10,F12,F14,F16,F18,F20,F22,F24,F26,F28,F30,F32,F34,F36,F38,F40,F42,F44,F46,F48,F50,F52,F54,F56,F58,F60,F62,F64,F66,F68,F70,F72,F74,F76,F78,F80) -> 125 | G82: =SUM(G10,G12,G14,G16,G18,G20,G22,G24,G26,G28,G30,G32,G34,G36,G38,G40,G42,G44,G46,G48,G50,G52,G54,G56,G58,G60,G62,G64,G66,G68,G70,G72,G74,G76,G78,G80) -> 0 | H82: =SUM(H10,H12,H14,H16,H18,H20,H22,H24,H26,H28,H30,H32,H34,H36,H38,H40,H42,H44,H46,H48,H50,H52,H54,H56,H58,H60,H62,H64,H66,H68,H70,H72,H74,H76,H78,H80) -> 29 | I82: =SUM(I10,I12,I14,I16,I18,I20,I22,I24,I26,I28,I30,I32,I34,I36,I38,I40,I42,I44,I46,I48,I50,I52,I54,I56,I58,I60,I62,I64,I66,I68,I70,I72,I74,I76,I78,I80) -> 0 | J82: =SUM(J10,J12,J14,J16,J18,J20,J22,J24,J26,J28,J30,J32,J34,J36,J38,J40,J42,J44,J46,J48,J50,J52,J54,J56,J58,J60,J62,J64,J66,J68,J70,J72,J74,J76,J78,J80) -> 26 | K82: =SUM(K10,K12,K14,K16,K18,K20,K22,K24,K26,K28,K30,K32,K34,K36,K38,K40,K42,K44,K46,K48,K50,K52,K54,K56,K58,K60,K62,K64,K66,K68,K70,K72,K74,K76,K78,K80) -> 0 | ... O82: =SUM(O10,O12,O14,O16,O18,O20,O22,O24,O26,O28,O30,O32,O34,O36,O38,O40,O42,O44,O46,O48,O50,O52,O54,O56,O58,O60,O62,O64,O66,O68,O70,O72,O74,O76,O78,O80) -> 0
D83: =SUM(D11,D13,D15,D17,D19,D21,D23,D25,D27,D29,D31,D33,D35,D37,D39,D41,D43,D45,D47,D49,D51,D53,D55,D57,D59,D61,D63,D65,D67,D69,D71,D73,D75,D77,D79,D81) -> 0 | E83: =SUM(E11,E13,E15,E17,E19,E21,E23,E25,E27,E29,E31,E33,E35,E37,E39,E41,E43,E45,E47,E49,E51,E53,E55,E57,E59,E61,E63,E65,E67,E69,E71,E73,E75,E77,E79,E81) -> 0 | F83: =SUM(F11,F13,F15,F17,F19,F21,F23,F25,F27,F29,F31,F33,F35,F37,F39,F41,F43,F45,F47,F49,F51,F53,F55,F57,F59,F61,F63,F65,F67,F69,F71,F73,F75,F77,F79,F81) -> 0 | G83: =SUM(G11,G13,G15,G17,G19,G21,G23,G25,G27,G29,G31,G33,G35,G37,G39,G41,G43,G45,G47,G49,G51,G53,G55,G57,G59,G61,G63,G65,G67,G69,G71,G73,G75,G77,G79,G81) -> 0 | H83: =SUM(H11,H13,H15,H17,H19,H21,H23,H25,H27,H29,H31,H33,H35,H37,H39,H41,H43,H45,H47,H49,H51,H53,H55,H57,H59,H61,H63,H65,H67,H69,H71,H73,H75,H77,H79,H81) -> 30 | I83: =SUM(I11,I13,I15,I17,I19,I21,I23,I25,I27,I29,I31,I33,I35,I37,I39,I41,I43,I45,I47,I49,I51,I53,I55,I57,I59,I61,I63,I65,I67,I69,I71,I73,I75,I77,I79,I81) -> 0 | J83: =SUM(J11,J13,J15,J17,J19,J21,J23,J25,J27,J29,J31,J33,J35,J37,J39,J41,J43,J45,J47,J49,J51,J53,J55,J57,J59,J61,J63,J65,J67,J69,J71,J73,J75,J77,J79,J81) -> 0 | K83: =SUM(K11,K13,K15,K17,K19,K21,K23,K25,K27,K29,K31,K33,K35,K37,K39,K41,K43,K45,K47,K49,K51,K53,K55,K57,K59,K61,K63,K65,K67,K69,K71,K73,K75,K77,K79,K81) -> 0 | ... O83: =SUM(O11,O13,O15,O17,O19,O21,O23,O25,O27,O29,O31,O33,O35,O37,O39,O41,O43,O45,O47,O49,O51,O53,O55,O57,O59,O61,O63,O65,O67,O69,O71,O73,O75,O77,O79,O81) -> 0
A85: Remarks : Discharging | H85: Remarks : Loading
A96: CHIEF CHECKER | J96: CHIEF OFFICER

Sheet Time sheet
A1: GREEN MARINE CO., LTD.
A2: PYEONGTAEK, KOREA
C3: T I M E S H E E T
A5: M/V : | B5: ='Final Work'!B4 -> STARSHIP DRACO | C5: VOY # : 2606N & 2607S | G5: DATE : 2026-07-05
A7: PIER : | B7: PNCT | D7: BERTH : | E7: 15 | G7: WEATHER : | H7: Rainy / Cloudy
H9: PORT : PYEONGTAEK, KOREA
A11: T I M E | C11: R E M A R K S
A41: CHIEF CHECKER

Sheet OS-IN
A1: GREEN MARINE CO., LTD.
A2: PYEONGTAEK, KOREA
A4: CARGO OVERAGE & SHORTAGE REPORT (DISCH)
A6: M / V : | B6: ='Final Work'!B4 -> STARSHIP DRACO | G6: VOY. NO.: | K6: DATE :
A8: PORT : | B8: PYEONGTAEK, KOREA | G8: PIER : | K8: BERTH :
A10: B/L NO. | B10: MARKS (PORT) | D10: DESCRIPTION | G10: TYPE OF | H10: MANIFESTED | J10: DISCHARGED | K10: OVER | L10: SHORT | M10: REMARKS
G11: PKGS
D19: T O T A L | G19: VAN | H19: =SUM(H12:I18) -> 146 | J19: =SUM(J12:J18) -> 146 | K19: NIL | L19: NIL
A25: REMARKS
A36: CHIEF CHECKER | G36: STEVEDORE PNCT | L36: CHIEF OFFICER

Sheet DM-IN
A1: GREEN MARINE CO., LTD.
A2: PYEONGTAEK, KOREA
A4: CARGO DAMAGE REPORT
A6: M / V : | B6: ='OS-IN'!B6 -> STARSHIP DRACO | I6: VOY. NO. : 2606N | O6: DATE : | P6: ='OS-IN'!L6 -> 46208
A8: PORT : | B8: PYEONGTAEK, KOREA | I8: PIER : PNCT | O8: BERTH : | P8: 15
A10: PORT | B10: B/L NO. | C10: MARKS | F10: CONTENTS | J10: NO. OF | K10: TYPE | L10: EXCEPTION ( Found in stow )
J11: PKGS
A34: CHIEF CHECKER | I34: STEVEDORE PNCT | O34: CHIEF OFFICER

Sheet OS-OUT
A1: GREEN MARINE CO., LTD.
A2: PYEONGTAEK, KOREA
A4: CARGO OVERAGE & SHORTAGE REPORT (LOAD)
A6: M / V : | B6: ='Final Work'!B4 -> STARSHIP DRACO | G6: VOY. NO.: | K6: DATE :
A8: PORT : | B8: PYEONGTAEK, KOREA | G8: PIER : | K8: BERTH :
A10: B/L NO. | B10: MARKS (PORT) | D10: DESCRIPTION | G10: TYPE OF | H10: MANIFESTED | J10: LOADED | K10: OVER | L10: SHORT | M10: REMARKS
G11: PKGS
D19: T O T A L | G19: VAN | H19: =SUM(H12:I18) -> 85 | J19: =SUM(J12:J18) -> 85 | K19: NIL | L19: NIL
A23: REMARKS
A33: CHIEF CHECKER | G33: STEVEDORE PNCT | L33: CHIEF OFFICER

Sheet DM-OUT 
A1: GREEN MARINE CO., LTD.
A2: PYEONGTAEK, KOREA
A4: CARGO DAMAGE REPORT
A6: M / V : | B6: ='Final Work'!B4 -> STARSHIP DRACO | I6: VOY. NO. : 2607S | O6: DATE : | P6: 46208
A8: PORT : | B8: PYEONGTAEK, KOREA | I8: PIER : PNCT | O8: BERTH : | P8: 15
A10: PORT | B10: B/L NO. | C10: MARKS | F10: CONTENTS | J10: NO. OF | K10: TYPE | L10: EXCEPTION ( Prior To Load )
J11: PKGS
A34: CHIEF CHECKER | I34: STEVEDORE PNCT | O34: CHIEF OFFICER

Sheet Act. Cntr-Seal No List
A1: GREEN MARINE CO., LTD.
A2: PYEONGTAEK, KOREA
A4: M / V : STARSHIP DRACO | F4: DATE :
A6: VOY.NO. : 2606N | F6: PORT : | G6: PYEONGTAEK, KOREA
C8: ACTUAL CONTAINER & SEAL NUMBER LIST
H9: DISCH.
A10: MANIFEST | D10: SIZE | E10: ACTUAL | G10: RESEAL NO. | H10: REMARKS
A11: CONT'R NO. | C11: SEAL NO. | E11: CONT'R NO. | F11: SEAL NO.
A33: 20FT | B33: FULL
B34: EMPTY
A35: 40FT | B35: FULL | C35: 2
B36: EMPTY
A37: TOTAL | C37: =SUM(C33:C36) -> 2 | G37: CHIEF CHECKER
A38: GREEN MARINE CO., LTD.
A39: PYEONGTAEK, KOREA
A41: =A4 -> M / V : STARSHIP DRACO | F41: DATE : | G41: ='OS-OUT'!L6 -> 46208
A43: VOY.NO. : 2607S | F43: PORT : | G43: PYEONGTAEK, KOREA
C45: ACTUAL CONTAINER & SEAL NUMBER LIST
H46: LOAD.
A47: MANIFEST | D47: SIZE | E47: ACTUAL | G47: RESEAL NO. | H47: REMARKS
A48: CONT'R NO. | C48: SEAL NO. | E48: CONT'R NO. | F48: SEAL NO.
A49: NIL
A70: 20FT | B70: FULL
B71: EMPTY
A72: 40FT | B72: FULL
B73: EMPTY
A74: TOTAL | C74: =SUM(C70:C73) -> 0 | G74: CHIEF CHECKER

Sheet RF condition report
A1: GREEN MARINE CO., LTD.
A2: PYEONGTAEK, KOREA
A4: REEFER CONTAINER CONDITION REPORT
A5: Discharging / Loading
I6: ( 1/1 )
A7: M/V : STARSHIP DRACO | D7: VOY # : | E7: ='OS-IN'!H6 -> 2606N | G7: DATE : | H7: ='OS-IN'!L6 -> 46208
A8: PIER : PNCT | D8: BERTH : | E8: 15 | G8: PORT : | H8: PYEONGTAEK, KOREA
A10: CONTAINER NO. | B10: SEAL NO. | C10: SIZE | D10: LOCATION | F10: TEMPERATURE | H10: TIME | I10: REMARKS
D11: Bay/Slot/Tier | F11: Setting | G11: Actual | H11: Plug In / Out
A42: CHIEF CHECKER | D42: STEVEDORE PNCT | H42: CHIEF OFFICER
A43: GREEN MARINE CO., LTD.
A44: PYEONGTAEK, KOREA
A46: REEFER CONTAINER CONDITION REPORT
A47: Discharging / Loading
I48: ( 1/1 )
A49: =A7 -> M/V : STARSHIP DRACO | D49: VOY # : | E49: ='OS-OUT'!H6 -> 2607S | G49: DATE : | H49: ='OS-OUT'!L6 -> 46208
A50: PIER : PNCT | D50: BERTH : | E50: 15 | G50: PORT : | H50: PYEONGTAEK, KOREA
A52: CONTAINER NO. | B52: SEAL NO. | C52: SIZE | D52: LOCATION | F52: TEMPERATURE | H52: TIME | I52: REMARKS
D53: Bay/Slot/Tier | F53: Setting | G53: Actual | H53: Plug In / Out
A54: -NIL-
A75: < CY 보관지침 >
A76: 1. 최초 화주로 부터 지정된 온도(SETTING 온도를 말하며 수입목록 혹은 BAY PLAN에
A77: 표기된 온도)는 그 적정 온도를 유지하고 있는지 4시간마다 확인하여 기록 보관해야한다.
A78: 2. 온도를 지정하는 지시 및 표기가 없을 경우 일반적으로 채용되고 있는
A79: 냉동/냉장 화물의 운송온도를 기준으로 한다.
A80: 3. 만일 온도 이상 및 기타 기기의 이상이 발견될 시는 즉시 OPERATOR에게 통보하여야한다.
A84: CHIEF CHECKER | D84: STEVEDORE PNCT | H84: CHIEF OFFICER

Sheet PERFORMANCE
A1: GREEN MARINE CO., LTD.
A2: PYEONGTAEK, KOREA
A3: PORT PERFORMANCE REPORT
A4: M/V : | C4: STARSHIP DRACO | G4: VOY : | H4: 2606N/2607S | K4: PIER: | L4: PNCT
A5: ARRIVAL : | D5: 05. JUL. 2026 07:30 | G5: ETD : | J5: 05. JUL. 2026 17:00
A6: COMM'D DIS : | D6: 05. JUL. 2026 08:15 | G6: COMP'D DIS : | J6: 05. JUL. 2026 15:50
A7: COMM'D LOAD : | D7: 05. JUL. 2026 09:10 | G7: COMP'D LOAD : | J7: 05. JUL. 2026 14:30
B8: STATUS | C8: FULL | G8: EMPTY | K8: TTL MVS | L8: REMARKS
A9: 구분 | C9: 20' | D9: 40' | E9: 40'HC | F9: 45' | G9: 20' | H9: 40' | I9: 40'HC | J9: 45'
A10: IN | B10: NSL | E10: 59 | K10: =SUM(C10:J10) -> 59
B11: KMD | C11: 21 | E11: 66 | K11: =SUM(C11:J11) -> 87
K12: =SUM(C12:J12) -> 0
K13: =SUM(C13:J13) -> 0
K14: =SUM(C14:J14) -> 0
K15: =SUM(C15:J15) -> 0
B16: TTL | C16: =SUM(C10:C15) -> 21 | D16: =SUM(D10:D15) -> 0 | E16: =SUM(E10:E15) -> 125 | F16: =SUM(F10:F15) -> 0 | G16: =SUM(G10:G15) -> 0 | H16: =SUM(H10:H15) -> 0 | I16: =SUM(I10:I15) -> 0 | J16: =SUM(J10:J15) -> 0 | K16: =SUM(C16:J16) -> 146
A17: OUT | B17: NSL | C17: 12 | E17: 5 | K17: =SUM(C17:J17) -> 17
B18: KMD | C18: 17 | E18: 21 | G18: 30 | K18: =SUM(C18:J18) -> 68
K19: =SUM(C19:J19) -> 0
K20: =SUM(C20:J20) -> 0
K21: =SUM(C21:J21) -> 0
B23: TTL | C23: =SUM(C17:C22) -> 29 | D23: =SUM(D17:D22) -> 0 | E23: =SUM(E17:E22) -> 26 | G23: =SUM(G17:G22) -> 30 | I23: =SUM(I17:I22) -> 0 | K23: =SUM(C23:J23) -> 85
A24: SHIFT | B24: I TIME
B25: 2TIME
H26: G/ TTL: | K26: =SUM(K16,K23,K25) -> 231 | L26: MVS
F27: H/COVER: | H27: 3 * 2= | K27: 6 | L27: MVS
A28: WORKING PERIOD
A29: G/C NO | B29: FROM | D29: TO | F29: G/HOUR | H29: N/HOUR | J29: TTL MOVES
A30: 1 | B30: 08:30 | D30: 15:50 | F30: 07:20 | H30: 05:50 | J30: 159
A31: 2 | B31: 08:15 | D31: 11:30 | F31: 03:15 | H31: 03:15 | J31: 72
A33: TOTAL | J33: =SUM(J30:J32) -> 231
A35: G/C NO | B35: FROM | D35: TO | F35: LOSS TIME | H35: REMARKS
A36: 1 | B36: 11:30 | D36: 13:00 | F36: 01:30 | H36: MEAL TIME
B39: TTL | F39: 01:30
A40: 2
B43: TTL
A44: TTL | F44: 01:30
H45: CHIEF CHECKER : OH SEUNG-TAEK
